"filename", "configuration", "rate", "time"
"aexpr-and-callback-count/interpretation.js", "arraySize=100 callbacksPerAExpr=0 numAExpr=0", 4725.049376765987, 0.000211638
"aexpr-and-callback-count/interpretation.js", "arraySize=1000 callbacksPerAExpr=0 numAExpr=0", 848.1440487852457, 0.001179045
"aexpr-and-callback-count/interpretation.js", "arraySize=100 callbacksPerAExpr=1 numAExpr=0", 5087.81569896412, 0.000196548
"aexpr-and-callback-count/interpretation.js", "arraySize=1000 callbacksPerAExpr=1 numAExpr=0", 764.9657907298385, 0.001307248
"aexpr-and-callback-count/interpretation.js", "arraySize=100 callbacksPerAExpr=10 numAExpr=0", 5094.009953695449, 0.000196309
"aexpr-and-callback-count/interpretation.js", "arraySize=1000 callbacksPerAExpr=10 numAExpr=0", 816.8266285480906, 0.00122425
"aexpr-and-callback-count/interpretation.js", "arraySize=100 callbacksPerAExpr=0 numAExpr=1", 2254.76601165714, 0.000443505
"aexpr-and-callback-count/interpretation.js", "arraySize=1000 callbacksPerAExpr=0 numAExpr=1", 473.7057766050928, 0.002111015
"aexpr-and-callback-count/interpretation.js", "arraySize=100 callbacksPerAExpr=1 numAExpr=1", 2211.5918374568464, 0.000452163
"aexpr-and-callback-count/interpretation.js", "arraySize=1000 callbacksPerAExpr=1 numAExpr=1", 471.9955594657765, 0.002118664
"aexpr-and-callback-count/interpretation.js", "arraySize=100 callbacksPerAExpr=10 numAExpr=1", 2231.2065472524923, 0.000448188
"aexpr-and-callback-count/interpretation.js", "arraySize=1000 callbacksPerAExpr=10 numAExpr=1", 459.69888803435975, 0.002175337
"aexpr-and-callback-count/interpretation.js", "arraySize=100 callbacksPerAExpr=0 numAExpr=10", 1545.184278677075, 0.000647172
"aexpr-and-callback-count/interpretation.js", "arraySize=1000 callbacksPerAExpr=0 numAExpr=10", 348.9007011159589, 0.002866145
"aexpr-and-callback-count/interpretation.js", "arraySize=100 callbacksPerAExpr=1 numAExpr=10", 1271.7209945875554, 0.000786336
"aexpr-and-callback-count/interpretation.js", "arraySize=1000 callbacksPerAExpr=1 numAExpr=10", 369.9413753902419, 0.002703131
"aexpr-and-callback-count/interpretation.js", "arraySize=100 callbacksPerAExpr=10 numAExpr=10", 1290.7839318053034, 0.000774723
"aexpr-and-callback-count/interpretation.js", "arraySize=1000 callbacksPerAExpr=10 numAExpr=10", 362.97192702522, 0.002755034
"aexpr-and-callback-count/interpretation.js", "arraySize=100 callbacksPerAExpr=0 numAExpr=20", 1359.3734919450324, 0.000735633
"aexpr-and-callback-count/interpretation.js", "arraySize=1000 callbacksPerAExpr=0 numAExpr=20", 361.0288165980832, 0.002769862
"aexpr-and-callback-count/interpretation.js", "arraySize=100 callbacksPerAExpr=1 numAExpr=20", 1359.2349138516913, 0.000735708
"aexpr-and-callback-count/interpretation.js", "arraySize=1000 callbacksPerAExpr=1 numAExpr=20", 370.9412076732898, 0.002695845
"aexpr-and-callback-count/interpretation.js", "arraySize=100 callbacksPerAExpr=10 numAExpr=20", 1314.5026447793211, 0.000760744
"aexpr-and-callback-count/interpretation.js", "arraySize=1000 callbacksPerAExpr=10 numAExpr=20", 364.87268497403204, 0.002740682
"aexpr-and-callback-count/interpretation.js", "arraySize=100 callbacksPerAExpr=0 numAExpr=30", 1114.932853168918, 0.000896915
"aexpr-and-callback-count/interpretation.js", "arraySize=1000 callbacksPerAExpr=0 numAExpr=30", 351.8302208086466, 0.00284228
"aexpr-and-callback-count/interpretation.js", "arraySize=100 callbacksPerAExpr=1 numAExpr=30", 1066.9341114839453, 0.000937265
"aexpr-and-callback-count/interpretation.js", "arraySize=1000 callbacksPerAExpr=1 numAExpr=30", 346.80821990970503, 0.002883438
"aexpr-and-callback-count/interpretation.js", "arraySize=100 callbacksPerAExpr=10 numAExpr=30", 1116.3393001668928, 0.000895785
"aexpr-and-callback-count/interpretation.js", "arraySize=1000 callbacksPerAExpr=10 numAExpr=30", 315.27153233629764, 0.003171869
"aexpr-and-callback-count/interpretation.js", "arraySize=100 callbacksPerAExpr=0 numAExpr=40", 1113.786674210715, 0.000897838
"aexpr-and-callback-count/interpretation.js", "arraySize=1000 callbacksPerAExpr=0 numAExpr=40", 335.1292912049004, 0.002983923
"aexpr-and-callback-count/interpretation.js", "arraySize=100 callbacksPerAExpr=1 numAExpr=40", 1081.7324594377371, 0.000924443
"aexpr-and-callback-count/interpretation.js", "arraySize=1000 callbacksPerAExpr=1 numAExpr=40", 331.26601257088265, 0.003018722
"aexpr-and-callback-count/interpretation.js", "arraySize=100 callbacksPerAExpr=10 numAExpr=40", 1060.2328907567837, 0.000943189
"aexpr-and-callback-count/interpretation.js", "arraySize=1000 callbacksPerAExpr=10 numAExpr=40", 301.455517675995, 0.003317239
"aexpr-and-callback-count/interpretation.js", "arraySize=100 callbacksPerAExpr=0 numAExpr=50", 966.2900068220074, 0.001034886
"aexpr-and-callback-count/interpretation.js", "arraySize=1000 callbacksPerAExpr=0 numAExpr=50", 309.97448290056764, 0.003226072
"aexpr-and-callback-count/interpretation.js", "arraySize=100 callbacksPerAExpr=1 numAExpr=50", 920.9273369912568, 0.001085862
"aexpr-and-callback-count/interpretation.js", "arraySize=1000 callbacksPerAExpr=1 numAExpr=50", 275.4004598086077, 0.003631076
"aexpr-and-callback-count/interpretation.js", "arraySize=100 callbacksPerAExpr=10 numAExpr=50", 932.8079758813169, 0.001072032
"aexpr-and-callback-count/interpretation.js", "arraySize=1000 callbacksPerAExpr=10 numAExpr=50", 292.55154977720736, 0.003418201
"aexpr-and-callback-count/interpretation.js", "arraySize=100 callbacksPerAExpr=0 numAExpr=100", 806.2903548322594, 0.001240248
"aexpr-and-callback-count/interpretation.js", "arraySize=1000 callbacksPerAExpr=0 numAExpr=100", 241.15369858633292, 0.004146733
"aexpr-and-callback-count/interpretation.js", "arraySize=100 callbacksPerAExpr=1 numAExpr=100", 784.037006546709, 0.00127545
"aexpr-and-callback-count/interpretation.js", "arraySize=1000 callbacksPerAExpr=1 numAExpr=100", 254.70672558203034, 0.003926084
"aexpr-and-callback-count/interpretation.js", "arraySize=100 callbacksPerAExpr=10 numAExpr=100", 619.5310893091237, 0.001614124
"aexpr-and-callback-count/interpretation.js", "arraySize=1000 callbacksPerAExpr=10 numAExpr=100", 239.50042128124105, 0.004175358
"aexpr-and-callback-count/interpretation.js", "arraySize=100 callbacksPerAExpr=0 numAExpr=150", 679.3478260869565, 0.001472
"aexpr-and-callback-count/interpretation.js", "arraySize=1000 callbacksPerAExpr=0 numAExpr=150", 228.89491594635345, 0.004368817
"aexpr-and-callback-count/interpretation.js", "arraySize=100 callbacksPerAExpr=1 numAExpr=150", 656.1115809599044, 0.001524131
"aexpr-and-callback-count/interpretation.js", "arraySize=1000 callbacksPerAExpr=1 numAExpr=150", 224.56750544127067, 0.004453004
"aexpr-and-callback-count/interpretation.js", "arraySize=100 callbacksPerAExpr=10 numAExpr=150", 560.5516276457336, 0.001783957
"aexpr-and-callback-count/interpretation.js", "arraySize=1000 callbacksPerAExpr=10 numAExpr=150", 208.85281119016656, 0.004788061
"aexpr-and-callback-count/interpretation.js", "arraySize=100 callbacksPerAExpr=0 numAExpr=200", 591.9187698033824, 0.001689421
"aexpr-and-callback-count/interpretation.js", "arraySize=1000 callbacksPerAExpr=0 numAExpr=200", 186.33539215308122, 0.005366667
"aexpr-and-callback-count/interpretation.js", "arraySize=100 callbacksPerAExpr=1 numAExpr=200", 487.7801321298822, 0.002050104
"aexpr-and-callback-count/interpretation.js", "arraySize=1000 callbacksPerAExpr=1 numAExpr=200", 193.71555737389892, 0.005162208
"aexpr-and-callback-count/interpretation.js", "arraySize=100 callbacksPerAExpr=10 numAExpr=200", 463.49877613148163, 0.002157503
"aexpr-and-callback-count/interpretation.js", "arraySize=1000 callbacksPerAExpr=10 numAExpr=200", 175.5440769234145, 0.005696575
"aexpr-and-callback-count/interpretation.js", "arraySize=100 callbacksPerAExpr=0 numAExpr=250", 580.6411904537944, 0.001722234
"aexpr-and-callback-count/interpretation.js", "arraySize=1000 callbacksPerAExpr=0 numAExpr=250", 182.3016457827978, 0.005485414
"aexpr-and-callback-count/interpretation.js", "arraySize=100 callbacksPerAExpr=1 numAExpr=250", 513.6858759499978, 0.001946715
"aexpr-and-callback-count/interpretation.js", "arraySize=1000 callbacksPerAExpr=1 numAExpr=250", 179.64858222237152, 0.005566423
"aexpr-and-callback-count/interpretation.js", "arraySize=100 callbacksPerAExpr=10 numAExpr=250", 427.3414787468126, 0.002340049
"aexpr-and-callback-count/interpretation.js", "arraySize=1000 callbacksPerAExpr=10 numAExpr=250", 153.747873474725, 0.006504155
"aexpr-and-callback-count/interpretation.js", "arraySize=100 callbacksPerAExpr=0 numAExpr=300", 468.9674836705522, 0.002132344
"aexpr-and-callback-count/interpretation.js", "arraySize=1000 callbacksPerAExpr=0 numAExpr=300", 157.82387392271397, 0.006336177
"aexpr-and-callback-count/interpretation.js", "arraySize=100 callbacksPerAExpr=1 numAExpr=300", 496.1720327672011, 0.00201543
"aexpr-and-callback-count/interpretation.js", "arraySize=1000 callbacksPerAExpr=1 numAExpr=300", 151.1946646426741, 0.00661399
"aexpr-and-callback-count/interpretation.js", "arraySize=100 callbacksPerAExpr=10 numAExpr=300", 371.15956557999806, 0.002694259
"aexpr-and-callback-count/interpretation.js", "arraySize=1000 callbacksPerAExpr=10 numAExpr=300", 127.51323810559703, 0.007842323
"aexpr-and-callback-count/proxies.js", "arraySize=100 callbacksPerAExpr=0 numAExpr=0", 1411.0143782365142, 0.00070871
"aexpr-and-callback-count/proxies.js", "arraySize=1000 callbacksPerAExpr=0 numAExpr=0", 815.4292256357902, 0.001226348
"aexpr-and-callback-count/proxies.js", "arraySize=100 callbacksPerAExpr=1 numAExpr=0", 1478.1834898729649, 0.000676506
"aexpr-and-callback-count/proxies.js", "arraySize=1000 callbacksPerAExpr=1 numAExpr=0", 832.9716847935189, 0.001200521
"aexpr-and-callback-count/proxies.js", "arraySize=100 callbacksPerAExpr=10 numAExpr=0", 1371.3922099436904, 0.000729186
"aexpr-and-callback-count/proxies.js", "arraySize=1000 callbacksPerAExpr=10 numAExpr=0", 855.5198138388886, 0.00116888
"aexpr-and-callback-count/proxies.js", "arraySize=100 callbacksPerAExpr=0 numAExpr=1", 1551.6144548402615, 0.00064449
"aexpr-and-callback-count/proxies.js", "arraySize=1000 callbacksPerAExpr=0 numAExpr=1", 812.1253564215158, 0.001231337
"aexpr-and-callback-count/proxies.js", "arraySize=100 callbacksPerAExpr=1 numAExpr=1", 1423.714528152531, 0.000702388
"aexpr-and-callback-count/proxies.js", "arraySize=1000 callbacksPerAExpr=1 numAExpr=1", 842.1307930177252, 0.001187464
"aexpr-and-callback-count/proxies.js", "arraySize=100 callbacksPerAExpr=10 numAExpr=1", 1375.7561499739295, 0.000726873
"aexpr-and-callback-count/proxies.js", "arraySize=1000 callbacksPerAExpr=10 numAExpr=1", 886.7795359660045, 0.001127676
"aexpr-and-callback-count/proxies.js", "arraySize=100 callbacksPerAExpr=0 numAExpr=10", 1458.176579351053, 0.000685788
"aexpr-and-callback-count/proxies.js", "arraySize=1000 callbacksPerAExpr=0 numAExpr=10", 837.8633813484907, 0.001193512
"aexpr-and-callback-count/proxies.js", "arraySize=100 callbacksPerAExpr=1 numAExpr=10", 1291.5341229772962, 0.000774273
"aexpr-and-callback-count/proxies.js", "arraySize=1000 callbacksPerAExpr=1 numAExpr=10", 879.6150101023783, 0.001136861
"aexpr-and-callback-count/proxies.js", "arraySize=100 callbacksPerAExpr=10 numAExpr=10", 1482.858892630636, 0.000674373
"aexpr-and-callback-count/proxies.js", "arraySize=1000 callbacksPerAExpr=10 numAExpr=10", 890.7781303279667, 0.001122614
"aexpr-and-callback-count/proxies.js", "arraySize=100 callbacksPerAExpr=0 numAExpr=20", 1490.161950800813, 0.000671068
"aexpr-and-callback-count/proxies.js", "arraySize=1000 callbacksPerAExpr=0 numAExpr=20", 822.4002079027725, 0.001215953
"aexpr-and-callback-count/proxies.js", "arraySize=100 callbacksPerAExpr=1 numAExpr=20", 1436.1770116890448, 0.000696293
"aexpr-and-callback-count/proxies.js", "arraySize=1000 callbacksPerAExpr=1 numAExpr=20", 843.6269886397189, 0.001185358
"aexpr-and-callback-count/proxies.js", "arraySize=100 callbacksPerAExpr=10 numAExpr=20", 4871.157874226704, 0.00020529
"aexpr-and-callback-count/proxies.js", "arraySize=1000 callbacksPerAExpr=10 numAExpr=20", 866.5706506385758, 0.001153974
"aexpr-and-callback-count/proxies.js", "arraySize=100 callbacksPerAExpr=0 numAExpr=30", 4671.500112116003, 0.000214064
"aexpr-and-callback-count/proxies.js", "arraySize=1000 callbacksPerAExpr=0 numAExpr=30", 811.4828063023001, 0.001232312
"aexpr-and-callback-count/proxies.js", "arraySize=100 callbacksPerAExpr=1 numAExpr=30", 4725.317305057035, 0.000211626
"aexpr-and-callback-count/proxies.js", "arraySize=1000 callbacksPerAExpr=1 numAExpr=30", 804.3945684061164, 0.001243171
"aexpr-and-callback-count/proxies.js", "arraySize=100 callbacksPerAExpr=10 numAExpr=30", 4834.98206221655, 0.000206826
"aexpr-and-callback-count/proxies.js", "arraySize=1000 callbacksPerAExpr=10 numAExpr=30", 869.6476448637305, 0.001149891
"aexpr-and-callback-count/proxies.js", "arraySize=100 callbacksPerAExpr=0 numAExpr=40", 4601.636341883173, 0.000217314
"aexpr-and-callback-count/proxies.js", "arraySize=1000 callbacksPerAExpr=0 numAExpr=40", 776.9156603666577, 0.001287141
"aexpr-and-callback-count/proxies.js", "arraySize=100 callbacksPerAExpr=1 numAExpr=40", 4598.4411284574535, 0.000217465
"aexpr-and-callback-count/proxies.js", "arraySize=1000 callbacksPerAExpr=1 numAExpr=40", 825.9138737012504, 0.00121078
"aexpr-and-callback-count/proxies.js", "arraySize=100 callbacksPerAExpr=10 numAExpr=40", 4938.466704857476, 0.000202492
"aexpr-and-callback-count/proxies.js", "arraySize=1000 callbacksPerAExpr=10 numAExpr=40", 882.0481157247128, 0.001133725
"aexpr-and-callback-count/proxies.js", "arraySize=100 callbacksPerAExpr=0 numAExpr=50", 4975.149130095175, 0.000200999
"aexpr-and-callback-count/proxies.js", "arraySize=1000 callbacksPerAExpr=0 numAExpr=50", 858.4648930781976, 0.00116487
"aexpr-and-callback-count/proxies.js", "arraySize=100 callbacksPerAExpr=1 numAExpr=50", 4965.514501785103, 0.000201389
"aexpr-and-callback-count/proxies.js", "arraySize=1000 callbacksPerAExpr=1 numAExpr=50", 865.4127412987077, 0.001155518
"aexpr-and-callback-count/proxies.js", "arraySize=100 callbacksPerAExpr=10 numAExpr=50", 4882.717134430968, 0.000204804
"aexpr-and-callback-count/proxies.js", "arraySize=1000 callbacksPerAExpr=10 numAExpr=50", 849.2944062073229, 0.001177448
"aexpr-and-callback-count/proxies.js", "arraySize=100 callbacksPerAExpr=0 numAExpr=100", 4832.528717301903, 0.000206931
"aexpr-and-callback-count/proxies.js", "arraySize=1000 callbacksPerAExpr=0 numAExpr=100", 812.9605421471264, 0.001230072
"aexpr-and-callback-count/proxies.js", "arraySize=100 callbacksPerAExpr=1 numAExpr=100", 4631.023224581471, 0.000215935
"aexpr-and-callback-count/proxies.js", "arraySize=1000 callbacksPerAExpr=1 numAExpr=100", 908.7662317008559, 0.001100393
"aexpr-and-callback-count/proxies.js", "arraySize=100 callbacksPerAExpr=10 numAExpr=100", 3812.559332954619, 0.000262291
"aexpr-and-callback-count/proxies.js", "arraySize=1000 callbacksPerAExpr=10 numAExpr=100", 898.7342227207201, 0.001112676
"aexpr-and-callback-count/proxies.js", "arraySize=100 callbacksPerAExpr=0 numAExpr=150", 4005.046358411599, 0.000249685
"aexpr-and-callback-count/proxies.js", "arraySize=1000 callbacksPerAExpr=0 numAExpr=150", 844.06064069267, 0.001184749
"aexpr-and-callback-count/proxies.js", "arraySize=100 callbacksPerAExpr=1 numAExpr=150", 4120.958370078546, 0.000242662
"aexpr-and-callback-count/proxies.js", "arraySize=1000 callbacksPerAExpr=1 numAExpr=150", 849.8797845044819, 0.001176637
"aexpr-and-callback-count/proxies.js", "arraySize=100 callbacksPerAExpr=10 numAExpr=150", 4792.347579385238, 0.000208666
"aexpr-and-callback-count/proxies.js", "arraySize=1000 callbacksPerAExpr=10 numAExpr=150", 859.3021607152832, 0.001163735
"aexpr-and-callback-count/proxies.js", "arraySize=100 callbacksPerAExpr=0 numAExpr=200", 5082.7987923270075, 0.000196742
"aexpr-and-callback-count/proxies.js", "arraySize=1000 callbacksPerAExpr=0 numAExpr=200", 874.6319985865947, 0.001143338
"aexpr-and-callback-count/proxies.js", "arraySize=100 callbacksPerAExpr=1 numAExpr=200", 4961.917284838862, 0.000201535
"aexpr-and-callback-count/proxies.js", "arraySize=1000 callbacksPerAExpr=1 numAExpr=200", 869.7225237260304, 0.001149792
"aexpr-and-callback-count/proxies.js", "arraySize=100 callbacksPerAExpr=10 numAExpr=200", 5094.658759756272, 0.000196284
"aexpr-and-callback-count/proxies.js", "arraySize=1000 callbacksPerAExpr=10 numAExpr=200", 878.4636724525213, 0.001138351
"aexpr-and-callback-count/proxies.js", "arraySize=100 callbacksPerAExpr=0 numAExpr=250", 4902.537553437659, 0.000203976
"aexpr-and-callback-count/proxies.js", "arraySize=1000 callbacksPerAExpr=0 numAExpr=250", 868.2613153985276, 0.001151727
"aexpr-and-callback-count/proxies.js", "arraySize=100 callbacksPerAExpr=1 numAExpr=250", 3303.3390150764394, 0.000302724
"aexpr-and-callback-count/proxies.js", "arraySize=1000 callbacksPerAExpr=1 numAExpr=250", 836.9797752207115, 0.001194772
"aexpr-and-callback-count/proxies.js", "arraySize=100 callbacksPerAExpr=10 numAExpr=250", 5100.3233605010555, 0.000196066
"aexpr-and-callback-count/proxies.js", "arraySize=1000 callbacksPerAExpr=10 numAExpr=250", 804.2690601713898, 0.001243365
"aexpr-and-callback-count/proxies.js", "arraySize=100 callbacksPerAExpr=0 numAExpr=300", 4161.932468483767, 0.000240273
"aexpr-and-callback-count/proxies.js", "arraySize=1000 callbacksPerAExpr=0 numAExpr=300", 861.2759976159881, 0.001161068
"aexpr-and-callback-count/proxies.js", "arraySize=100 callbacksPerAExpr=1 numAExpr=300", 5170.203085577202, 0.000193416
"aexpr-and-callback-count/proxies.js", "arraySize=1000 callbacksPerAExpr=1 numAExpr=300", 849.5887990212736, 0.00117704
"aexpr-and-callback-count/proxies.js", "arraySize=100 callbacksPerAExpr=10 numAExpr=300", 5081.429914377906, 0.000196795
"aexpr-and-callback-count/proxies.js", "arraySize=1000 callbacksPerAExpr=10 numAExpr=300", 805.7452861886394, 0.001241087
"aexpr-and-callback-count/rewriting.js", "arraySize=100 callbacksPerAExpr=0 numAExpr=0", 615.8625247037855, 0.001623739
"aexpr-and-callback-count/rewriting.js", "arraySize=1000 callbacksPerAExpr=0 numAExpr=0", 62.60663867022999, 0.015972747
"aexpr-and-callback-count/rewriting.js", "arraySize=100 callbacksPerAExpr=1 numAExpr=0", 662.3942239223674, 0.001509675
"aexpr-and-callback-count/rewriting.js", "arraySize=1000 callbacksPerAExpr=1 numAExpr=0", 62.744759463572464, 0.015937586
"aexpr-and-callback-count/rewriting.js", "arraySize=100 callbacksPerAExpr=10 numAExpr=0", 595.0117782581506, 0.001680639
"aexpr-and-callback-count/rewriting.js", "arraySize=1000 callbacksPerAExpr=10 numAExpr=0", 61.62522986210738, 0.01622712
"aexpr-and-callback-count/rewriting.js", "arraySize=100 callbacksPerAExpr=0 numAExpr=1", 248.70728172640656, 0.004020791
"aexpr-and-callback-count/rewriting.js", "arraySize=1000 callbacksPerAExpr=0 numAExpr=1", 48.796283518899095, 0.020493364
"aexpr-and-callback-count/rewriting.js", "arraySize=100 callbacksPerAExpr=1 numAExpr=1", 259.5589055958304, 0.00385269
"aexpr-and-callback-count/rewriting.js", "arraySize=1000 callbacksPerAExpr=1 numAExpr=1", 50.20773954313368, 0.019917248
"aexpr-and-callback-count/rewriting.js", "arraySize=100 callbacksPerAExpr=10 numAExpr=1", 281.1884373065072, 0.003556334
"aexpr-and-callback-count/rewriting.js", "arraySize=1000 callbacksPerAExpr=10 numAExpr=1", 51.35450854325901, 0.019472487
"aexpr-and-callback-count/rewriting.js", "arraySize=100 callbacksPerAExpr=0 numAExpr=10", 249.82961620175044, 0.004002728
"aexpr-and-callback-count/rewriting.js", "arraySize=1000 callbacksPerAExpr=0 numAExpr=10", 48.737648600481364, 0.020518019
"aexpr-and-callback-count/rewriting.js", "arraySize=100 callbacksPerAExpr=1 numAExpr=10", 272.36297486825123, 0.003671571
"aexpr-and-callback-count/rewriting.js", "arraySize=1000 callbacksPerAExpr=1 numAExpr=10", 48.867049227248245, 0.020463687
"aexpr-and-callback-count/rewriting.js", "arraySize=100 callbacksPerAExpr=10 numAExpr=10", 276.5824039934074, 0.003615559
"aexpr-and-callback-count/rewriting.js", "arraySize=1000 callbacksPerAExpr=10 numAExpr=10", 45.83718384776481, 0.021816349
"aexpr-and-callback-count/rewriting.js", "arraySize=100 callbacksPerAExpr=0 numAExpr=20", 242.2083393784498, 0.004128677
"aexpr-and-callback-count/rewriting.js", "arraySize=1000 callbacksPerAExpr=0 numAExpr=20", 45.31298152123019, 0.022068731
"aexpr-and-callback-count/rewriting.js", "arraySize=100 callbacksPerAExpr=1 numAExpr=20", 232.16583326871387, 0.004307266
"aexpr-and-callback-count/rewriting.js", "arraySize=1000 callbacksPerAExpr=1 numAExpr=20", 44.91486275477675, 0.022264345
"aexpr-and-callback-count/rewriting.js", "arraySize=100 callbacksPerAExpr=10 numAExpr=20", 253.85491379340982, 0.003939258
"aexpr-and-callback-count/rewriting.js", "arraySize=1000 callbacksPerAExpr=10 numAExpr=20", 46.25020240244826, 0.021621527
"aexpr-and-callback-count/rewriting.js", "arraySize=100 callbacksPerAExpr=0 numAExpr=30", 231.78027415434389, 0.004314431
"aexpr-and-callback-count/rewriting.js", "arraySize=1000 callbacksPerAExpr=0 numAExpr=30", 45.637914445887716, 0.021911606
"aexpr-and-callback-count/rewriting.js", "arraySize=100 callbacksPerAExpr=1 numAExpr=30", 242.17273503106105, 0.004129284
"aexpr-and-callback-count/rewriting.js", "arraySize=1000 callbacksPerAExpr=1 numAExpr=30", 45.043192593025346, 0.022200913
"aexpr-and-callback-count/rewriting.js", "arraySize=100 callbacksPerAExpr=10 numAExpr=30", 223.74187705115364, 0.004469436
"aexpr-and-callback-count/rewriting.js", "arraySize=1000 callbacksPerAExpr=10 numAExpr=30", 43.908599507995355, 0.022774582
"aexpr-and-callback-count/rewriting.js", "arraySize=100 callbacksPerAExpr=0 numAExpr=40", 213.4864970858026, 0.004684137
"aexpr-and-callback-count/rewriting.js", "arraySize=1000 callbacksPerAExpr=0 numAExpr=40", 44.3790474800778, 0.022533156
"aexpr-and-callback-count/rewriting.js", "arraySize=100 callbacksPerAExpr=1 numAExpr=40", 210.95288472796045, 0.004740395
"aexpr-and-callback-count/rewriting.js", "arraySize=1000 callbacksPerAExpr=1 numAExpr=40", 43.37916964374293, 0.023052539
"aexpr-and-callback-count/rewriting.js", "arraySize=100 callbacksPerAExpr=10 numAExpr=40", 210.37232324885554, 0.004753477
"aexpr-and-callback-count/rewriting.js", "arraySize=1000 callbacksPerAExpr=10 numAExpr=40", 40.66733800308242, 0.024589758
"aexpr-and-callback-count/rewriting.js", "arraySize=100 callbacksPerAExpr=0 numAExpr=50", 212.84362272616497, 0.004698285
"aexpr-and-callback-count/rewriting.js", "arraySize=1000 callbacksPerAExpr=0 numAExpr=50", 40.880600846719005, 0.02446148
"aexpr-and-callback-count/rewriting.js", "arraySize=100 callbacksPerAExpr=1 numAExpr=50", 195.07718814180396, 0.005126176
"aexpr-and-callback-count/rewriting.js", "arraySize=1000 callbacksPerAExpr=1 numAExpr=50", 41.85250223973665, 0.023893434
"aexpr-and-callback-count/rewriting.js", "arraySize=100 callbacksPerAExpr=10 numAExpr=50", 180.5787223008041, 0.005537751
"aexpr-and-callback-count/rewriting.js", "arraySize=1000 callbacksPerAExpr=10 numAExpr=50", 42.72213845834942, 0.023407068
"aexpr-and-callback-count/rewriting.js", "arraySize=100 callbacksPerAExpr=0 numAExpr=100", 171.86737338530602, 0.00581844
"aexpr-and-callback-count/rewriting.js", "arraySize=1000 callbacksPerAExpr=0 numAExpr=100", 40.240757231254015, 0.024850427
"aexpr-and-callback-count/rewriting.js", "arraySize=100 callbacksPerAExpr=1 numAExpr=100", 178.02394137173144, 0.005617222
"aexpr-and-callback-count/rewriting.js", "arraySize=1000 callbacksPerAExpr=1 numAExpr=100", 38.23036240089735, 0.02615722
"aexpr-and-callback-count/rewriting.js", "arraySize=100 callbacksPerAExpr=10 numAExpr=100", 140.22360336239373, 0.007131467
"aexpr-and-callback-count/rewriting.js", "arraySize=1000 callbacksPerAExpr=10 numAExpr=100", 38.22227437439215, 0.026162755
"aexpr-and-callback-count/rewriting.js", "arraySize=100 callbacksPerAExpr=0 numAExpr=150", 118.54607038151326, 0.008435539
"aexpr-and-callback-count/rewriting.js", "arraySize=1000 callbacksPerAExpr=0 numAExpr=150", 34.67458800694767, 0.028839564
"aexpr-and-callback-count/rewriting.js", "arraySize=100 callbacksPerAExpr=1 numAExpr=150", 115.37091287004066, 0.008667696
"aexpr-and-callback-count/rewriting.js", "arraySize=1000 callbacksPerAExpr=1 numAExpr=150", 35.98942227691975, 0.027785942
"aexpr-and-callback-count/rewriting.js", "arraySize=100 callbacksPerAExpr=10 numAExpr=150", 102.84335126989942, 0.009723526
"aexpr-and-callback-count/rewriting.js", "arraySize=1000 callbacksPerAExpr=10 numAExpr=150", 31.15590333021089, 0.032096646
"aexpr-and-callback-count/rewriting.js", "arraySize=100 callbacksPerAExpr=0 numAExpr=200", 87.5354890756585, 0.011423938
"aexpr-and-callback-count/rewriting.js", "arraySize=1000 callbacksPerAExpr=0 numAExpr=200", 29.00170785257202, 0.034480728
"aexpr-and-callback-count/rewriting.js", "arraySize=100 callbacksPerAExpr=1 numAExpr=200", 82.0992852928818, 0.012180374
"aexpr-and-callback-count/rewriting.js", "arraySize=1000 callbacksPerAExpr=1 numAExpr=200", 30.044174249841287, 0.033284323
"aexpr-and-callback-count/rewriting.js", "arraySize=100 callbacksPerAExpr=10 numAExpr=200", 73.56854373863274, 0.013592766
"aexpr-and-callback-count/rewriting.js", "arraySize=1000 callbacksPerAExpr=10 numAExpr=200", 27.65604891027562, 0.036158455
"aexpr-and-callback-count/rewriting.js", "arraySize=100 callbacksPerAExpr=0 numAExpr=250", 66.03258655320332, 0.015144038
"aexpr-and-callback-count/rewriting.js", "arraySize=1000 callbacksPerAExpr=0 numAExpr=250", 25.560595622201003, 0.039122719
"aexpr-and-callback-count/rewriting.js", "arraySize=100 callbacksPerAExpr=1 numAExpr=250", 60.55448286653295, 0.016514054
"aexpr-and-callback-count/rewriting.js", "arraySize=1000 callbacksPerAExpr=1 numAExpr=250", 24.50085150259312, 0.040814908
"aexpr-and-callback-count/rewriting.js", "arraySize=100 callbacksPerAExpr=10 numAExpr=250", 52.728037954907194, 0.018965242
"aexpr-and-callback-count/rewriting.js", "arraySize=1000 callbacksPerAExpr=10 numAExpr=250", 22.953529844317227, 0.043566284
"aexpr-and-callback-count/rewriting.js", "arraySize=100 callbacksPerAExpr=0 numAExpr=300", 49.113462707361954, 0.020361016
"aexpr-and-callback-count/rewriting.js", "arraySize=1000 callbacksPerAExpr=0 numAExpr=300", 22.139909482751275, 0.045167303
"aexpr-and-callback-count/rewriting.js", "arraySize=100 callbacksPerAExpr=1 numAExpr=300", 49.15796099659901, 0.020342585
"aexpr-and-callback-count/rewriting.js", "arraySize=1000 callbacksPerAExpr=1 numAExpr=300", 21.268969235350568, 0.047016853
"aexpr-and-callback-count/rewriting.js", "arraySize=100 callbacksPerAExpr=10 numAExpr=300", 44.89493418133279, 0.022274228
"aexpr-and-callback-count/rewriting.js", "arraySize=1000 callbacksPerAExpr=10 numAExpr=300", 19.094070374633297, 0.05237228
"aexpr-construction_different-object/interpretation.js", "numAExpr=1000", 2.402957284927976, 0.416153881
"aexpr-construction_different-object/proxies.js", "numAExpr=1000", 344.1757884723138, 0.002905492
"aexpr-construction_different-object/rewriting.js", "numAExpr=1000", 91.53968281866062, 0.010924224
"aexpr-construction_different-object/ticking.js", "numAExpr=1000", 1375.7410085007039, 0.000726881
"aexpr-construction_no-op/interpretation.js", "numAExpr=1000", 2.81584718699175, 0.355132908
"aexpr-construction_no-op/proxies.js", "numAExpr=1000", 502.07457213204964, 0.001991736
"aexpr-construction_no-op/rewriting.js", "numAExpr=1000", 462.75943450797104, 0.00216095
"aexpr-construction_no-op/ticking.js", "numAExpr=1000", 513.3291035015204, 0.001948068
"aexpr-construction_same-object/interpretation.js", "numAExpr=1000", 2.4667945768725024, 0.405384384
"aexpr-construction_same-object/proxies.js", "numAExpr=1000", 323.28676602993187, 0.003093229
"aexpr-construction_same-object/rewriting.js", "numAExpr=1000", 135.78357510277797, 0.007364661
"aexpr-construction_same-object/ticking.js", "numAExpr=1000", 479.38822392415693, 0.002085992
"maintain-aspect-ratio/baseline.js", "targetAspectRatio=2 numWidthChanges=100000", 475.17089521246317, 0.002104506
"maintain-aspect-ratio/interpretation.js", "targetAspectRatio=2 numWidthChanges=100000", 277.67241652195304, 0.003601366
"maintain-aspect-ratio/proxies.js", "targetAspectRatio=2 numWidthChanges=100000", 4.514665613593825, 0.221500347
"maintain-aspect-ratio/rewriting.js", "targetAspectRatio=2 numWidthChanges=100000", 1.3075145034215772, 0.764809872
"maintain-aspect-ratio/ticking.js", "targetAspectRatio=2 numWidthChanges=100000", 72.2010139766001, 0.013850221
"partially-wrapped/interpretation.js", "repetitions=10000 totalRects=10 monitoredRects=0", 366.83879965942685, 0.002725993
"partially-wrapped/interpretation.js", "repetitions=10000 totalRects=100 monitoredRects=0", 231.22028819296722, 0.00432488
"partially-wrapped/interpretation.js", "repetitions=10000 totalRects=10 monitoredRects=1", 134.67046742637868, 0.007425533
"partially-wrapped/interpretation.js", "repetitions=10000 totalRects=100 monitoredRects=1", 19.311044127106914, 0.051783839
"partially-wrapped/interpretation.js", "repetitions=10000 totalRects=10 monitoredRects=2", 128.32819165045453, 0.00779252
"partially-wrapped/interpretation.js", "repetitions=10000 totalRects=100 monitoredRects=2", 19.546088611684524, 0.051161131
"partially-wrapped/interpretation.js", "repetitions=10000 totalRects=10 monitoredRects=3", 144.21286742193828, 0.006934194
"partially-wrapped/interpretation.js", "repetitions=10000 totalRects=100 monitoredRects=3", 19.732474218239823, 0.050677882
"partially-wrapped/interpretation.js", "repetitions=10000 totalRects=10 monitoredRects=4", 135.7868754380824, 0.007364482
"partially-wrapped/interpretation.js", "repetitions=10000 totalRects=100 monitoredRects=4", 21.173944461929416, 0.047227856
"partially-wrapped/interpretation.js", "repetitions=10000 totalRects=10 monitoredRects=5", 134.05914743208362, 0.007459394
"partially-wrapped/interpretation.js", "repetitions=10000 totalRects=100 monitoredRects=5", 21.146547179088667, 0.047289044
"partially-wrapped/interpretation.js", "repetitions=10000 totalRects=10 monitoredRects=6", 138.38024538968915, 0.007226465
"partially-wrapped/interpretation.js", "repetitions=10000 totalRects=100 monitoredRects=6", 20.59098091973817, 0.048564952
"partially-wrapped/interpretation.js", "repetitions=10000 totalRects=10 monitoredRects=7", 129.07554417281355, 0.007747401
"partially-wrapped/interpretation.js", "repetitions=10000 totalRects=100 monitoredRects=7", 20.303755553178664, 0.049251972
"partially-wrapped/interpretation.js", "repetitions=10000 totalRects=10 monitoredRects=8", 125.06520587171137, 0.007995829
"partially-wrapped/interpretation.js", "repetitions=10000 totalRects=100 monitoredRects=8", 20.388078095799177, 0.049048272
"partially-wrapped/interpretation.js", "repetitions=10000 totalRects=10 monitoredRects=9", 129.25470958922594, 0.007736662
"partially-wrapped/interpretation.js", "repetitions=10000 totalRects=100 monitoredRects=9", 20.285648710905853, 0.049295934
"partially-wrapped/interpretation.js", "repetitions=10000 totalRects=10 monitoredRects=10", 151.26778285146727, 0.006610793
"partially-wrapped/interpretation.js", "repetitions=10000 totalRects=100 monitoredRects=10", 20.261283843283508, 0.049355214
"rewriting-transformation-impact/baseline.js", "arraySize=10000", 162.97633909509017, 0.00613586
"rewriting-transformation-impact/rewriting.js", "arraySize=10000", 6.123303117894098, 0.16331055
